Threshold,Precision,Recall,F1
0.05,0.42657342657342656,0.8970588235294118,0.5781990521327014
0.060000000000000005,0.45185185185185184,0.8970588235294118,0.6009852216748769
0.07,0.46511627906976744,0.8823529411764706,0.6091370558375635
0.08000000000000002,0.49586776859504134,0.8823529411764706,0.6349206349206349
0.09000000000000001,0.5217391304347826,0.8823529411764706,0.6557377049180327
0.1,0.5454545454545454,0.8823529411764706,0.6741573033707865
0.11000000000000001,0.5882352941176471,0.8823529411764706,0.7058823529411765
0.12000000000000001,0.6122448979591837,0.8823529411764706,0.7228915662650602
0.13,0.6451612903225806,0.8823529411764706,0.7453416149068323
0.14,0.6593406593406593,0.8823529411764706,0.7547169811320755
0.15000000000000002,0.6593406593406593,0.8823529411764706,0.7547169811320755
0.16000000000000003,0.6666666666666666,0.8823529411764706,0.759493670886076
0.17000000000000004,0.6781609195402298,0.8676470588235294,0.7612903225806451
0.18000000000000005,0.6785714285714286,0.8382352941176471,0.75
0.19,0.7037037037037037,0.8382352941176471,0.7651006711409396
0.2,0.7125,0.8382352941176471,0.7702702702702703
0.21000000000000002,0.7307692307692307,0.8382352941176471,0.7808219178082192
0.22000000000000003,0.7402597402597403,0.8382352941176471,0.7862068965517242
0.23000000000000004,0.75,0.8382352941176471,0.7916666666666666
0.24000000000000005,0.76,0.8382352941176471,0.7972027972027972
0.25000000000000006,0.76,0.8382352941176471,0.7972027972027972
0.26000000000000006,0.7702702702702703,0.8382352941176471,0.8028169014084507
0.27,0.7887323943661971,0.8235294117647058,0.8057553956834532
0.28,0.8,0.8235294117647058,0.8115942028985508
0.29000000000000004,0.8115942028985508,0.8235294117647058,0.8175182481751825
0.30000000000000004,0.8235294117647058,0.8235294117647058,0.8235294117647058
0.31000000000000005,0.8333333333333334,0.8088235294117647,0.8208955223880597
0.32000000000000006,0.8333333333333334,0.8088235294117647,0.8208955223880597
0.33,0.8461538461538461,0.8088235294117647,0.8270676691729323
0.34,0.8461538461538461,0.8088235294117647,0.8270676691729323
0.35000000000000003,0.8461538461538461,0.8088235294117647,0.8270676691729323
0.36000000000000004,0.8461538461538461,0.8088235294117647,0.8270676691729323
0.37000000000000005,0.859375,0.8088235294117647,0.8333333333333334
0.38000000000000006,0.859375,0.8088235294117647,0.8333333333333334
0.39000000000000007,0.8571428571428571,0.7941176470588235,0.8244274809160306
0.4000000000000001,0.8709677419354839,0.7941176470588235,0.8307692307692308
0.4100000000000001,0.8709677419354839,0.7941176470588235,0.8307692307692308
0.42000000000000004,0.8688524590163934,0.7794117647058824,0.8217054263565892
0.43000000000000005,0.8983050847457628,0.7794117647058824,0.8346456692913385
0.44000000000000006,0.9122807017543859,0.7647058823529411,0.832
0.45000000000000007,0.9122807017543859,0.7647058823529411,0.832
0.4600000000000001,0.9122807017543859,0.7647058823529411,0.832
0.4700000000000001,0.9122807017543859,0.7647058823529411,0.832
0.4800000000000001,0.9122807017543859,0.7647058823529411,0.832
0.49000000000000005,0.9122807017543859,0.7647058823529411,0.832
0.5000000000000001,0.9107142857142857,0.75,0.8225806451612904
0.5100000000000001,0.9107142857142857,0.75,0.8225806451612904
0.5200000000000001,0.9107142857142857,0.75,0.8225806451612904
0.5300000000000001,0.9272727272727272,0.75,0.8292682926829268
0.5400000000000001,0.9433962264150944,0.7352941176470589,0.8264462809917356
0.5500000000000002,0.9433962264150944,0.7352941176470589,0.8264462809917356
0.5600000000000002,0.9433962264150944,0.7352941176470589,0.8264462809917356
0.5700000000000002,0.9423076923076923,0.7205882352941176,0.8166666666666667
0.5800000000000002,0.9423076923076923,0.7205882352941176,0.8166666666666667
0.5900000000000002,0.9423076923076923,0.7205882352941176,0.8166666666666667
0.6000000000000002,0.9423076923076923,0.7205882352941176,0.8166666666666667
0.6100000000000001,0.9423076923076923,0.7205882352941176,0.8166666666666667
0.6200000000000001,0.9423076923076923,0.7205882352941176,0.8166666666666667
0.6300000000000001,0.94,0.6911764705882353,0.7966101694915254
0.6400000000000001,0.94,0.6911764705882353,0.7966101694915254
0.6500000000000001,0.94,0.6911764705882353,0.7966101694915254
0.6600000000000001,0.94,0.6911764705882353,0.7966101694915254
0.6700000000000002,0.94,0.6911764705882353,0.7966101694915254
0.6800000000000002,0.94,0.6911764705882353,0.7966101694915254
0.6900000000000002,0.94,0.6911764705882353,0.7966101694915254
0.7000000000000002,0.94,0.6911764705882353,0.7966101694915254
0.7100000000000002,0.94,0.6911764705882353,0.7966101694915254
0.7200000000000002,0.9387755102040817,0.6764705882352942,0.7863247863247863
0.7300000000000002,0.9574468085106383,0.6617647058823529,0.782608695652174
0.7400000000000002,0.9574468085106383,0.6617647058823529,0.782608695652174
0.7500000000000002,0.9565217391304348,0.6470588235294118,0.7719298245614035
0.7600000000000002,0.9777777777777777,0.6470588235294118,0.7787610619469026
0.7700000000000002,0.9777777777777777,0.6470588235294118,0.7787610619469026
0.7800000000000001,0.9777777777777777,0.6470588235294118,0.7787610619469026
0.7900000000000001,0.9772727272727273,0.6323529411764706,0.7678571428571429
0.8000000000000002,1.0,0.6323529411764706,0.7747747747747747
0.8100000000000002,1.0,0.5735294117647058,0.7289719626168224
0.8200000000000002,1.0,0.5588235294117647,0.7169811320754716
0.8300000000000002,1.0,0.5294117647058824,0.6923076923076923
0.8400000000000002,1.0,0.5147058823529411,0.6796116504854369
0.8500000000000002,1.0,0.4852941176470588,0.6534653465346535
0.8600000000000002,1.0,0.47058823529411764,0.64
0.8700000000000002,1.0,0.45588235294117646,0.6262626262626263
0.8800000000000002,1.0,0.4264705882352941,0.5979381443298969
0.8900000000000002,1.0,0.4117647058823529,0.5833333333333334
0.9000000000000002,1.0,0.36764705882352944,0.5376344086021505
0.9100000000000003,1.0,0.3382352941176471,0.5054945054945055
0.9200000000000003,1.0,0.27941176470588236,0.4367816091954023
0.9300000000000002,1.0,0.23529411764705882,0.38095238095238093
0.9400000000000002,1.0,0.19117647058823528,0.32098765432098764
0.9500000000000002,1.0,0.14705882352941177,0.2564102564102564
