Machine Index,Feature,Feature Value,SHAP Value
5222,Air temperature [K],0.2977634424326301,0.013205348
5222,Process temperature [K],1.2802591103700858,0.637376
5222,Rotational speed [rpm],-0.9247685616636796,1.0722636
5222,Torque [Nm],2.0058687766381595,4.5299993
5222,Tool wear [min],1.6399659896979912,5.043786
5222,Temperature Difference [K],1.299658263368123,-0.27088028
5222,Type,0.0,0.85679567
7911,Air temperature [K],-0.4534688570357496,-0.005408778
7911,Process temperature [K],-0.1392936107609688,0.34258312
7911,Rotational speed [rpm],-0.7810996349867463,0.46338272
7911,Torque [Nm],1.5367563069427013,3.1122742
7911,Tool wear [min],1.7185724216444032,6.2413783
7911,Temperature Difference [K],0.6995332367530007,0.11707465
7911,Type,0.0,1.0643597
2504,Air temperature [K],0.347845595730505,-0.2982377
2504,Process temperature [K],0.2662928809907446,-0.45915163
2504,Rotational speed [rpm],-0.6816365319027156,0.8067293
2504,Torque [Nm],2.1755477550386435,6.750428
2504,Tool wear [min],1.592802130530144,3.7121809
2504,Temperature Difference [K],-0.3006751409389267,-0.28781167
2504,Type,0.0,0.42966732
2536,Air temperature [K],1.199242201794663,0.69742644
2536,Process temperature [K],0.4690861268666205,0.2769079
2536,Rotational speed [rpm],-0.9800258411548076,3.9246862
2536,Torque [Nm],1.4768696086837063,0.6455233
2536,Tool wear [min],0.7438526655088956,-0.8683793
2536,Temperature Difference [K],-1.7009668697076024,5.2660217
2536,Type,0.0,0.18694973
3367,Air temperature [K],0.9989135886031064,0.025517376
3367,Process temperature [K],-0.0716958621357025,0.39677832
3367,Rotational speed [rpm],-1.2784151504068997,2.5810084
3367,Torque [Nm],1.756340867225682,2.6490228
3367,Tool wear [min],1.4041466938587557,0.46163467
3367,Temperature Difference [K],-2.1010502207844075,3.1457276
3367,Type,0.0,0.64229727
